Date,Price
1992-01-08,2.526
1992-01-15,2.594
1992-01-22,2.636
1992-01-29,2.642
1992-02-05,2.646
1992-02-12,2.624
1992-02-19,2.636
1992-02-26,2.646
1992-03-04,2.672
1992-03-11,2.642
1992-03-18,2.674
1992-03-25,2.700
1992-04-01,2.602
1992-04-08,2.534
1992-04-15,2.534
1992-04-22,2.494
1992-04-29,2.476
1992-05-06,2.552
1992-05-13,2.590
1992-05-20,2.530
1992-05-27,2.594
1992-06-03,2.586
1992-06-10,2.592
1992-06-17,2.512
1992-06-24,2.540
1992-07-01,2.496
1992-07-08,2.444
1992-07-15,2.286
1992-07-22,2.210
1992-07-29,2.202
1992-08-05,2.122
1992-08-12,2.194
1992-08-19,2.226
1992-08-26,2.170
1992-09-02,2.256
1992-09-09,2.242
1992-09-16,2.224
1992-09-23,2.162
1992-09-30,2.112
1992-10-07,2.082
1992-10-14,2.076
1992-10-21,2.066
1992-10-28,2.072
1992-11-04,2.080
1992-11-11,2.124
1992-11-18,2.136
1992-11-25,2.130
1992-12-02,2.106
1992-12-09,2.120
1992-12-16,2.112
1992-12-23,2.196
1992-12-30,2.164
1993-01-06,2.184
1993-01-13,2.170
1993-01-20,2.184
1993-01-27,2.144
1993-02-03,2.120
1993-02-10,2.122
1993-02-17,2.126
1993-02-24,2.112
1993-03-03,2.136
1993-03-10,2.134
1993-03-17,2.212
1993-03-24,2.286
1993-03-31,2.306
1993-04-07,2.316
1993-04-14,2.276
1993-04-21,2.242
1993-04-28,2.280
1993-05-05,2.276
1993-05-12,2.230
1993-05-19,2.282
1993-05-26,2.244
1993-06-02,2.192
1993-06-09,2.150
1993-06-16,2.162
1993-06-23,2.190
1993-06-30,2.314
1993-07-07,2.344
1993-07-14,2.354
1993-07-21,2.440
1993-07-28,2.356
1993-08-04,2.410
1993-08-11,2.386
1993-08-18,2.366
1993-08-25,2.340
1993-09-01,2.294
1993-09-08,2.262
1993-09-15,2.420
1993-09-22,2.486
1993-09-29,2.426
1993-10-06,2.416
1993-10-13,2.486
1993-10-20,2.534
1993-10-27,2.576
1993-11-03,2.636
1993-11-10,2.776
1993-11-17,2.816
1993-11-24,2.826
1993-12-01,2.850
1993-12-08,2.862
1993-12-15,2.880
1993-12-22,2.990
1993-12-29,3.060
1994-01-05,3.090
1994-01-12,3.100
1994-01-19,2.976
1994-01-26,2.900
1994-02-02,2.884
1994-02-09,2.982
1994-02-16,2.882
1994-02-23,2.842
1994-03-02,2.782
1994-03-09,2.750
1994-03-16,2.810
1994-03-23,2.832
1994-03-30,2.746
1994-04-06,2.740
1994-04-13,2.650
1994-04-20,2.590
1994-04-27,2.690
1994-05-04,2.590
1994-05-11,2.602
1994-05-18,2.686
1994-05-25,2.666
1994-06-01,2.734
1994-06-08,2.732
1994-06-15,2.832
1994-06-22,2.554
1994-06-29,2.480
1994-07-06,2.414
1994-07-13,2.366
1994-07-20,2.152
1994-07-27,2.186
1994-08-03,2.172
1994-08-10,2.174
1994-08-17,2.210
1994-08-24,2.204
1994-08-31,2.226
1994-09-07,2.230
1994-09-14,2.166
1994-09-21,2.170
1994-09-28,2.156
1994-10-05,2.142
1994-10-12,2.174
1994-10-19,2.146
1994-10-26,2.166
1994-11-02,2.156
1994-11-09,2.174
1994-11-16,2.172
1994-11-23,2.122
1994-11-30,2.154
1994-12-07,2.186
1994-12-14,2.182
1994-12-21,2.312
1994-12-28,2.310
1995-01-04,2.316
1995-01-11,2.340
1995-01-18,2.342
1995-01-25,2.322
1995-02-01,2.324
1995-02-08,2.344
1995-02-15,2.326
1995-02-22,2.332
1995-03-01,2.334
1995-03-08,2.386
1995-03-15,2.406
1995-03-22,2.466
1995-03-29,2.500
1995-04-05,2.500
1995-04-12,2.466
1995-04-19,2.466
1995-04-26,2.490
1995-05-03,2.496
1995-05-10,2.522
1995-05-17,2.522
1995-05-24,2.710
1995-05-31,2.722
1995-06-07,2.694
1995-06-14,2.772
1995-06-21,2.790
1995-06-28,2.720
1995-07-05,2.772
1995-07-12,2.870
1995-07-19,2.934
1995-07-26,2.890
1995-08-02,2.762
1995-08-09,2.786
1995-08-16,2.816
1995-08-23,2.886
1995-08-30,2.960
1995-09-06,2.910
1995-09-13,2.942
1995-09-20,3.100
1995-09-27,3.116
1995-10-04,3.106
1995-10-11,3.252
1995-10-18,3.326
1995-10-25,3.284
1995-11-01,3.320
1995-11-08,3.276
1995-11-15,3.280
1995-11-22,3.280
1995-11-29,3.312
1995-12-06,3.366
1995-12-13,3.370
1995-12-20,3.582
1995-12-27,3.692
1996-01-03,3.664
1996-01-10,3.626
1996-01-17,3.606
1996-01-24,3.574
1996-01-31,3.666
1996-02-07,3.630
1996-02-14,3.800
1996-02-21,3.804
1996-02-28,3.932
1996-03-06,3.920
1996-03-13,3.912
1996-03-20,3.964
1996-03-27,4.090
1996-04-03,4.264
1996-04-10,4.510
1996-04-17,4.580
1996-04-24,5.074
1996-05-01,4.710
1996-05-08,5.060
1996-05-15,5.286
1996-05-22,4.886
1996-05-29,4.772
1996-06-05,4.590
1996-06-12,4.646
1996-06-19,4.700
1996-06-26,5.162
1996-07-03,5.310
1996-07-10,5.480
1996-07-17,4.944
1996-07-24,3.500
1996-07-31,3.582
1996-08-07,3.630
1996-08-14,3.674
1996-08-21,3.654
1996-08-28,3.704
1996-09-04,3.624
1996-09-11,3.616
1996-09-18,3.142
1996-09-25,3.032
1996-10-02,2.894
1996-10-09,2.836
1996-10-16,2.802
1996-10-23,2.752
1996-10-30,2.630
1996-11-06,2.674
1996-11-13,2.694
1996-11-20,2.724
1996-11-27,2.706
1996-12-04,2.672
1996-12-11,2.672
1996-12-18,2.666
1996-12-25,2.644
1997-01-01,2.564
1997-01-08,2.654
1997-01-15,2.732
1997-01-22,2.726
1997-01-29,2.702
1997-02-05,2.710
1997-02-12,2.740
1997-02-19,2.916
1997-02-26,2.966
1997-03-05,3.060
1997-03-12,3.072
1997-03-19,3.002
1997-03-26,3.082
1997-04-02,2.942
1997-04-09,2.994
1997-04-16,3.002
1997-04-23,2.944
1997-04-30,2.946
1997-05-07,2.920
1997-05-14,2.882
1997-05-21,2.704
1997-05-28,2.706
1997-06-04,2.740
1997-06-11,2.714
1997-06-18,2.654
1997-06-25,2.462
1997-07-02,2.446
1997-07-09,2.514
1997-07-16,2.702
1997-07-23,2.432
1997-07-30,2.684
1997-08-06,2.534
1997-08-13,2.600
1997-08-20,2.716
1997-08-27,2.656
1997-09-03,2.662
1997-09-10,2.662
1997-09-17,2.554
1997-09-24,2.576
1997-10-01,2.646
1997-10-08,2.882
1997-10-15,2.820
1997-10-22,2.896
1997-10-29,2.796
1997-11-05,2.840
1997-11-12,2.720
1997-11-19,2.754
1997-11-26,2.714
1997-12-03,2.690
1997-12-10,2.614
1997-12-17,2.534
1997-12-24,2.692
1998-01-07,2.626
1998-01-14,2.596
1998-01-21,2.770
1998-01-28,2.754
1998-02-04,2.730
1998-02-11,2.700
1998-02-18,2.702
1998-02-25,2.664
1998-03-04,2.614
1998-03-11,2.676
1998-03-18,2.680
1998-03-25,2.592
1998-04-01,2.622
1998-04-08,2.530
1998-04-15,2.494
1998-04-22,2.504
1998-04-29,2.510
1998-05-06,2.430
1998-05-13,2.482
1998-05-20,2.392
1998-05-27,2.472
1998-06-03,2.384
1998-06-10,2.370
1998-06-17,2.362
1998-06-24,2.534
1998-07-01,2.504
1998-07-08,2.370
1998-07-15,2.336
1998-07-22,2.350
1998-07-29,2.246
1998-08-05,2.174
1998-08-12,2.112
1998-08-19,2.064
1998-08-26,2.054
1998-09-02,1.896
1998-09-09,1.954
1998-09-16,2.004
1998-09-23,2.105
1998-09-30,2.060
1998-10-07,2.060
1998-10-14,2.100
1998-10-21,2.188
1998-10-28,2.193
1998-11-04,2.168
1998-11-11,2.205
1998-11-18,2.308
1998-11-25,2.293
1998-12-02,2.230
1998-12-09,2.245
1998-12-16,2.193
1998-12-23,2.208
1998-12-30,2.135
1999-01-06,2.218
1999-01-13,2.155
1999-01-20,2.163
1999-01-27,2.145
1999-02-03,2.185
1999-02-10,2.150
1999-02-17,2.150
1999-02-24,2.103
1999-03-03,2.160
1999-03-10,2.228
1999-03-17,2.290
1999-03-24,2.323
1999-03-31,2.220
1999-04-07,2.165
1999-04-14,2.180
1999-04-21,2.203
1999-04-28,2.188
1999-05-05,2.185
1999-05-12,2.218
1999-05-19,2.185
1999-05-26,2.195
1999-06-02,2.208
1999-06-09,2.173
1999-06-16,2.208
1999-06-23,2.143
1999-06-30,2.023
1999-07-07,1.863
1999-07-14,1.878
1999-07-21,2.120
1999-07-28,2.033
1999-08-04,2.235
1999-08-11,2.095
1999-08-18,2.098
1999-08-25,2.153
1999-09-01,2.225
1999-09-08,2.178
1999-09-15,2.103
1999-09-22,2.088
1999-09-29,2.050
1999-10-06,1.985
1999-10-13,1.993
1999-10-20,1.995
1999-10-27,1.995
1999-11-03,2.010
1999-11-10,1.943
1999-11-17,1.923
1999-11-24,2.033
1999-12-01,2.015
1999-12-08,1.983
1999-12-15,2.015
1999-12-22,2.043
1999-12-29,2.045
2000-01-05,2.070
2000-01-12,2.190
2000-01-19,2.228
2000-01-26,2.235
2000-02-02,2.198
2000-02-09,2.218
2000-02-16,2.205
2000-02-23,2.215
2000-03-01,2.255
2000-03-08,2.268
2000-03-15,2.408
2000-03-22,2.320
2000-03-29,2.360
2000-04-05,2.293
2000-04-12,2.263
2000-04-19,2.268
2000-04-26,2.320
2000-05-03,2.483
2000-05-10,2.458
2000-05-17,2.400
2000-05-24,2.335
2000-05-31,2.290
2000-06-07,2.193
2000-06-14,2.073
2000-06-21,1.995
2000-06-28,1.958
2000-07-05,1.908
2000-07-12,1.825
2000-07-19,1.878
2000-07-26,1.803
2000-08-02,1.788
2000-08-09,1.748
2000-08-16,1.785
2000-08-23,1.765
2000-08-30,1.943
2000-09-06,1.955
2000-09-13,1.878
2000-09-20,1.940
2000-09-27,1.993
2000-10-04,2.033
2000-10-11,2.080
2000-10-18,2.053
2000-10-25,2.008
2000-11-01,2.133
2000-11-08,2.120
2000-11-15,2.113
2000-11-22,2.233
2000-11-29,2.215
2000-12-06,2.188
2000-12-13,2.183
2000-12-20,2.268
2000-12-27,2.318
2001-01-03,2.260
2001-01-10,2.193
2001-01-17,2.150
2001-01-24,2.095
2001-01-31,2.130
2001-02-07,2.103
2001-02-14,2.120
2001-02-21,2.093
2001-02-28,2.228
2001-03-07,2.198
2001-03-14,2.075
2001-03-21,2.070
2001-03-28,2.033
2001-04-04,2.103
2001-04-11,2.118
2001-04-18,2.020
2001-04-25,2.043
2001-05-02,2.100
2001-05-09,1.970
2001-05-16,1.998
2001-05-23,1.913
2001-05-30,1.988
2001-06-06,1.973
2001-06-13,1.905
2001-06-20,1.873
2001-06-27,1.993
2001-07-04,2.073
2001-07-11,2.243
2001-07-18,2.090
2001-07-25,2.205
2001-08-01,2.105
2001-08-08,2.220
2001-08-15,2.283
2001-08-22,2.283
2001-08-29,2.323
2001-09-05,2.258
2001-09-12,2.243
2001-09-19,2.173
2001-09-26,2.145
2001-10-03,2.143
2001-10-10,2.085
2001-10-17,2.055
2001-10-24,2.055
2001-10-31,2.023
2001-11-07,2.060
2001-11-14,2.073
2001-11-21,2.083
2001-11-28,2.205
2001-12-05,2.190
2001-12-12,2.168
2001-12-19,2.115
2001-12-26,2.090
2002-01-02,2.105
2002-01-09,2.128
2002-01-16,2.118
2002-01-23,2.090
2002-01-30,2.045
2002-02-06,2.048
2002-02-13,2.050
2002-02-20,2.053
2002-02-27,2.085
2002-03-06,2.083
2002-03-13,2.058
2002-03-20,2.048
2002-03-27,2.035
2002-04-03,2.005
2002-04-10,1.978
2002-04-17,1.973
2002-04-24,2.030
2002-05-01,2.010
2002-05-08,2.060
2002-05-15,2.090
2002-05-22,2.050
2002-05-29,2.140
2002-06-05,2.068
2002-06-12,2.093
2002-06-19,2.103
2002-06-26,2.330
2002-07-03,2.365
2002-07-10,2.225
2002-07-17,2.348
2002-07-24,2.430
2002-07-31,2.535
2002-08-07,2.503
2002-08-14,2.708
2002-08-21,2.625
2002-08-28,2.680
2002-09-04,2.833
2002-09-11,2.763
2002-09-18,2.608
2002-09-25,2.588
2002-10-02,2.578
2002-10-09,2.468
2002-10-16,2.543
2002-10-23,2.503
2002-10-30,2.475
2002-11-06,2.358
2002-11-13,2.420
2002-11-20,2.478
2002-11-27,2.415
2002-12-04,2.373
2002-12-11,2.400
2002-12-18,2.393
2002-12-25,2.398
2003-01-01,2.360
2003-01-08,2.348
2003-01-15,2.325
2003-01-22,2.355
2003-01-29,2.383
2003-02-05,2.398
2003-02-12,2.403
2003-02-19,2.318
2003-02-26,2.333
2003-03-05,2.400
2003-03-12,2.340
2003-03-19,2.315
2003-03-26,2.278
2003-04-02,2.390
2003-04-09,2.393
2003-04-16,2.408
2003-04-23,2.348
2003-04-30,2.325
2003-05-07,2.520
2003-05-14,2.543
2003-05-21,2.438
2003-05-28,2.443
2003-06-04,2.388
2003-06-11,2.418
2003-06-18,2.428
2003-06-25,2.298
2003-07-02,2.223
2003-07-09,2.133
2003-07-16,2.060
2003-07-23,2.065
2003-07-30,2.068
2003-08-06,2.128
2003-08-13,2.203
2003-08-20,2.353
2003-08-27,2.353
2003-09-03,2.430
2003-09-10,2.280
2003-09-17,2.260
2003-09-24,2.263
2003-10-01,2.230
2003-10-08,2.163
2003-10-15,2.143
2003-10-22,2.350
2003-10-29,2.350
2003-11-05,2.353
2003-11-12,2.405
2003-11-19,2.360
2003-11-26,2.488
2003-12-03,2.485
2003-12-10,2.525
2003-12-17,2.493
2003-12-24,2.398
2004-01-07,2.514
2004-01-14,2.682
2004-01-21,2.754
2004-01-28,2.748
2004-02-04,2.736
2004-02-11,2.824
2004-02-18,2.834
2004-02-25,2.978
2004-03-03,2.982
2004-03-10,2.986
2004-03-17,3.090
2004-03-24,3.116
2004-03-31,3.186
2004-04-07,3.295
2004-04-14,3.148
2004-04-21,3.064
2004-04-28,3.146
2004-05-05,3.178
2004-05-12,2.966
2004-05-19,2.936
2004-05-26,3.008
2004-06-02,3.136
2004-06-09,2.934
2004-06-16,2.806
2004-06-23,2.734
2004-06-30,2.658
2004-07-07,2.526
2004-07-14,2.444
2004-07-21,2.284
2004-07-28,2.200
2004-08-04,2.216
2004-08-11,2.218
2004-08-18,2.276
2004-08-25,2.372
2004-09-01,2.362
2004-09-08,2.258
2004-09-15,2.178
2004-09-22,2.098
2004-09-29,2.072
2004-10-06,2.050
2004-10-13,2.046
2004-10-20,2.048
2004-10-27,2.054
2004-11-03,1.994
2004-11-10,1.982
2004-11-17,2.028
2004-11-24,2.018
2004-12-01,2.044
2004-12-08,2.042
2004-12-15,2.048
2004-12-22,2.063
2004-12-29,2.047
2005-01-05,2.036
2005-01-12,2.024
2005-01-19,1.966
2005-01-26,1.972
2005-02-02,1.958
2005-02-09,1.964
2005-02-16,1.992
2005-02-23,2.096
2005-03-02,2.192
2005-03-09,2.176
2005-03-16,2.238
2005-03-23,2.128
2005-03-30,2.130
2005-04-06,2.068
2005-04-13,2.066
2005-04-20,2.090
2005-04-27,2.152
2005-05-04,2.072
2005-05-11,2.062
2005-05-18,2.098
2005-05-25,2.230
2005-06-01,2.206
2005-06-08,2.164
2005-06-15,2.226
2005-06-22,2.312
2005-06-29,2.266
2005-07-06,2.366
2005-07-13,2.450
2005-07-20,2.436
2005-07-27,2.360
2005-08-03,2.276
2005-08-10,2.212
2005-08-17,2.110
2005-08-24,2.088
2005-08-31,2.160
2005-09-07,2.180
2005-09-14,2.086
2005-09-21,2.068
2005-09-28,2.040
2005-10-05,2.054
2005-10-12,2.036
2005-10-19,2.026
2005-10-26,1.988
2005-11-02,1.960
2005-11-09,1.950
2005-11-16,1.938
2005-11-23,1.964
2005-11-30,2.018
2005-12-07,2.032
2005-12-14,2.070
2005-12-21,2.110
2005-12-28,2.150
2006-01-04,2.170
2006-01-11,2.132
2006-01-18,2.063
2006-01-25,2.148
2006-02-01,2.198
2006-02-08,2.218
2006-02-15,2.226
2006-02-22,2.300
2006-03-01,2.384
2006-03-08,2.318
2006-03-15,2.274
2006-03-22,2.206
2006-03-29,2.264
2006-04-05,2.386
2006-04-12,2.390
2006-04-19,2.372
2006-04-26,2.396
2006-05-03,2.436
2006-05-10,2.440
2006-05-17,2.590
2006-05-24,2.532
2006-05-31,2.553
2006-06-07,2.480
2006-06-14,2.392
2006-06-21,2.304
2006-06-28,2.384
2006-07-05,2.528
2006-07-12,2.622
2006-07-19,2.448
2006-07-26,2.378
2006-08-02,2.432
2006-08-09,2.356
2006-08-16,2.210
2006-08-23,2.236
2006-08-30,2.340
2006-09-06,2.443
2006-09-13,2.396
2006-09-20,2.512
2006-09-27,2.588
2006-10-04,2.720
2006-10-11,2.930
2006-10-18,3.166
2006-10-25,3.258
2006-11-01,3.346
2006-11-08,3.490
2006-11-15,3.534
2006-11-22,3.664
2006-11-29,3.872
2006-12-06,3.722
2006-12-13,3.704
2006-12-20,3.746
2006-12-27,3.590
2007-01-03,3.728
2007-01-10,3.704
2007-01-17,4.054
2007-01-24,4.052
2007-01-31,4.018
2007-02-07,3.992
2007-02-14,4.096
2007-02-21,4.246
2007-02-28,4.290
2007-03-07,4.224
2007-03-14,4.036
2007-03-21,4.050
2007-03-28,3.878
2007-04-04,3.568
2007-04-11,3.640
2007-04-18,3.622
2007-04-25,3.646
2007-05-02,3.814
2007-05-09,3.668
2007-05-16,3.712
2007-05-23,3.746
2007-05-30,3.798
2007-06-06,3.810
2007-06-13,4.042
2007-06-20,3.916
2007-06-27,3.518
2007-07-04,3.338
2007-07-11,3.466
2007-07-18,3.246
2007-07-25,3.142
2007-08-01,3.240
2007-08-08,3.334
2007-08-15,3.276
2007-08-22,3.412
2007-08-29,3.330
2007-09-05,3.463
2007-09-12,3.480
2007-09-19,3.622
2007-09-26,3.760
2007-10-03,3.492
2007-10-10,3.448
2007-10-17,3.638
2007-10-24,3.642
2007-10-31,3.736
2007-11-07,3.842
2007-11-14,3.784
2007-11-21,3.825
2007-11-28,3.920
2007-12-05,4.110
2007-12-12,4.296
2007-12-19,4.376
2007-12-26,4.508
2008-01-02,4.630
2008-01-09,4.782
2008-01-16,5.048
2008-01-23,4.886
2008-01-30,5.008
2008-02-06,5.060
2008-02-13,5.048
2008-02-20,5.225
2008-02-27,5.485
2008-03-05,5.608
2008-03-12,5.666
2008-03-19,5.303
2008-03-26,5.474
2008-04-02,5.890
2008-04-09,5.930
2008-04-16,6.010
2008-04-23,5.832
2008-04-30,6.124
2008-05-07,6.146
2008-05-14,6.020
2008-05-21,5.960
2008-05-28,5.936
2008-06-04,6.266
2008-06-11,6.948
2008-06-18,7.342
2008-06-25,7.376
2008-07-02,7.496
2008-07-09,7.010
2008-07-16,6.424
2008-07-23,5.768
2008-07-30,5.862
2008-08-06,5.178
2008-08-13,5.266
2008-08-20,5.754
2008-08-27,5.848
2008-09-03,5.615
2008-09-10,5.454
2008-09-17,5.434
2008-09-24,5.566
2008-10-01,4.786
2008-10-08,4.232
2008-10-15,3.998
2008-10-22,3.952
2008-10-29,4.012
2008-11-05,3.920
2008-11-12,3.768
2008-11-19,3.694
2008-11-26,3.632
2008-12-03,3.364
2008-12-10,3.452
2008-12-17,3.856
2008-12-24,3.958
2009-01-07,4.020
2009-01-14,4.148
2009-01-21,3.732
2009-01-28,3.888
2009-02-04,3.830
2009-02-11,3.676
2009-02-18,3.704
2009-02-25,3.503
2009-03-04,3.645
2009-03-11,3.568
2009-03-18,3.756
2009-03-25,3.924
2009-04-01,3.902
2009-04-08,3.990
2009-04-15,3.975
2009-04-22,3.862
2009-04-29,3.750
2009-05-06,3.962
2009-05-13,4.102
2009-05-20,4.238
2009-05-27,4.254
2009-06-03,4.298
2009-06-10,4.442
2009-06-17,4.364
2009-06-24,4.038
2009-07-01,3.902
2009-07-08,3.578
2009-07-15,3.284
2009-07-22,3.278
2009-07-29,3.172
2009-08-05,3.272
2009-08-12,3.430
2009-08-19,3.250
2009-08-26,3.182
2009-09-02,3.234
2009-09-09,3.180
2009-09-16,3.130
2009-09-23,3.296
2009-09-30,3.286
2009-10-07,3.396
2009-10-14,3.572
2009-10-21,3.782
2009-10-28,3.942
2009-11-04,3.728
2009-11-11,3.798
2009-11-18,3.910
2009-11-25,3.980
2009-12-02,3.964
2009-12-09,4.022
2009-12-16,3.898
2009-12-23,4.046
2009-12-30,4.033
2010-01-06,4.202
2010-01-13,3.904
2010-01-20,3.694
2010-01-27,3.616
2010-02-03,3.566
2010-02-10,3.602
2010-02-17,3.610
2010-02-24,3.752
2010-03-03,3.818
2010-03-10,3.682
2010-03-17,3.706
2010-03-24,3.620
2010-03-31,3.500
2010-04-07,3.484
2010-04-14,3.572
2010-04-21,3.554
2010-04-28,3.582
2010-05-05,3.722
2010-05-12,3.726
2010-05-19,3.620
2010-05-26,3.682
2010-06-02,3.478
2010-06-09,3.406
2010-06-16,3.562
2010-06-23,3.480
2010-06-30,3.548
2010-07-07,3.776
2010-07-14,3.852
2010-07-21,3.764
2010-07-28,3.756
2010-08-04,3.976
2010-08-11,4.020
2010-08-18,4.150
2010-08-25,4.128
2010-09-01,4.440
2010-09-08,4.695
2010-09-15,4.964
2010-09-22,5.078
2010-09-29,4.960
2010-10-06,4.954
2010-10-13,5.672
2010-10-20,5.602
2010-10-27,5.756
2010-11-03,5.822
2010-11-10,5.652
2010-11-17,5.342
2010-11-24,5.318
2010-12-01,5.586
2010-12-08,5.706
2010-12-15,5.890
2010-12-22,6.065
2010-12-29,6.214
2011-01-05,6.092
2011-01-12,6.276
2011-01-19,6.526
2011-01-26,6.506
2011-02-02,6.666
2011-02-09,6.904
2011-02-16,7.0015
2011-02-23,6.975
2011-03-02,7.3065
2011-03-09,6.942
2011-03-16,6.5
2011-03-23,6.894
2011-03-30,6.868
2011-04-06,7.634
2011-04-13,7.566
2011-04-20,7.43
2011-04-27,7.5325
2011-05-04,7.17
2011-05-11,6.908
2011-05-18,7.352
2011-05-25,7.47
2011-06-01,7.57
2011-06-08,7.612
2011-06-15,7.334
2011-06-22,6.874
2011-06-29,6.554
2011-07-06,6.24
2011-07-13,6.772
2011-07-20,6.904
2011-07-27,6.814
2011-08-03,6.97
2011-08-10,6.872
2011-08-17,7.084
2011-08-24,7.334
2011-08-31,7.598
2011-09-07,7.4375
2011-09-14,7.172
2011-09-21,6.712
2011-09-28,6.314
2011-10-05,5.986
2011-10-12,6.338
2011-10-19,6.455
2011-10-26,6.490
2011-11-02,6.510
2011-11-09,6.512
2011-11-16,6.294
2011-11-23,5.923
2011-11-30,6.008
2011-12-07,5.952
2011-12-14,5.866
2011-12-21,6.126
2011-12-28,6.400
2012-01-04,6.513
2012-01-11,6.338
2012-01-18,6.032
2012-01-25,6.328
2012-02-01,6.402
2012-02-08,6.394
2012-02-15,6.368
2012-02-22,6.368
2012-02-29,6.538
2012-03-07,6.468
2012-03-14,6.646
2012-03-21,6.492
2012-03-28,6.274
2012-04-04,6.570
2012-04-11,6.372
2012-04-18,6.152
2012-04-25,6.172
2012-05-02,6.220
2012-05-09,6.042
2012-05-16,6.126
2012-05-23,6.352
2012-05-30,5.588
2012-06-06,5.820
2012-06-13,5.894
2012-06-20,6.000
2012-06-27,6.182
2012-07-04,6.880
2012-07-11,7.254
2012-07-18,7.966
2012-07-25,7.958
2012-08-01,8.064
2012-08-08,8.056
2012-08-15,7.906
2012-08-22,8.174
2012-08-29,8.006
2012-09-05,7.983
2012-09-12,7.774
2012-09-19,7.486
2012-09-26,7.372
2012-10-03,7.554
2012-10-10,7.488
2012-10-17,7.486
2012-10-24,7.500
2012-10-31,7.454
2012-11-07,7.402
2012-11-14,7.232
2012-11-21,7.423
2012-11-28,7.566
2012-12-05,7.506
2012-12-12,7.276
2012-12-19,7.090
2012-12-26,6.960
2013-01-02,6.90
2013-01-09,6.96
2013-01-16,7.28
2013-01-23,7.25
2013-01-30,7.35
2013-02-06,7.22
2013-02-13,6.98
2013-02-20,6.94
2013-02-27,6.98
2013-03-06,6.99
2013-03-13,7.14
2013-03-20,7.29
2013-03-27,7.23
2013-04-03,6.97
2013-04-10,6.47
2013-04-17,6.54
2013-04-24,6.43
2013-05-01,6.56
2013-05-08,6.39
2013-05-15,6.51
2013-05-22,6.54
2013-05-29,6.67
2013-06-05,6.62
2013-06-12,6.52
2013-06-19,6.72
2013-06-26,6.19
2013-07-03,5.31
2013-07-10,5.49
2013-07-17,5.41
2013-07-24,5.11
2013-07-31,4.89
2013-08-07,4.70
2013-08-14,4.70
2013-08-21,4.92
2013-08-28,4.89
2013-09-04,4.68
2013-09-11,4.66
2013-09-18,4.56
2013-09-25,4.53
2013-10-02,4.40
2013-10-09,4.42
2013-10-16,4.42
2013-10-23,4.41
2013-10-30,4.30
2013-11-06,4.24
2013-11-13,4.29
2013-11-20,4.19
2013-11-27,4.24
2013-12-04,4.32
2013-12-11,4.35
2013-12-18,4.28
2013-12-25,4.31
2014-01-01,4.23
2014-01-08,4.23
2014-01-15,4.29
2014-01-22,4.27
2014-01-29,4.32
2014-02-05,4.42
2014-02-12,4.42
2014-02-19,4.54
2014-02-26,4.57
2014-03-05,4.84
2014-03-12,4.84
2014-03-19,4.82
2014-03-26,4.89
2014-04-02,5.02
2014-04-09,5.02
2014-04-16,5.00
2014-04-23,5.00
2014-04-30,5.11
2014-05-07,5.13
2014-05-14,4.93
2014-05-21,4.76
2014-05-28,4.69
2014-06-04,4.57
2014-06-11,4.46
2014-06-18,4.45
2014-06-25,4.43
2014-07-02,4.05
2014-07-09,3.91
2014-07-16,3.77
2014-07-23,3.62
2014-07-30,3.60
2014-08-06,3.58
2014-08-13,3.60
2014-08-20,3.62
2014-08-27,3.60
2014-09-03,3.55
2014-09-10,3.44
2014-09-17,3.40
2014-09-24,3.27
2014-10-01,3.23
2014-10-08,3.39
2014-10-15,3.50
2014-10-22,3.54
2014-10-29,3.71
2014-11-05,3.70
2014-11-12,3.78
2014-11-19,3.72
2014-11-26,3.81
2014-12-03,3.88
2014-12-10,3.97
2014-12-17,4.09
2014-12-24,4.12
2015-01-07,4.03
2015-01-14,4.00
2015-01-21,3.87
2015-01-28,3.87
2015-02-04,3.76
2015-02-11,3.82
2015-02-18,3.87
2015-02-25,3.87
2015-03-04,3.86
2015-03-11,3.89
2015-03-18,3.87
2015-03-25,3.77
2015-04-01,3.92
2015-04-08,3.85
2015-04-15,3.81
2015-04-22,3.76
2015-04-29,3.72
2015-05-06,3.63
2015-05-13,3.63
2015-05-20,3.64
2015-05-27,3.63
2015-06-03,3.54
2015-06-10,3.59
2015-06-17,3.59
2015-06-24,3.54
2015-07-01,3.71
2015-07-08,4.19
2015-07-15,4.28
2015-07-22,4.30
2015-07-29,4.02
2015-08-05,3.72
2015-08-12,3.70
2015-08-19,3.70
2015-08-26,3.67
2015-09-02,3.67
2015-09-09,3.65
2015-09-16,3.75
2015-09-23,3.86
2015-09-30,3.84
2015-10-07,3.88
2015-10-14,3.92
2015-10-21,3.79
2015-10-28,3.78
2015-11-04,3.80
2015-11-11,3.77
2015-11-18,3.62
2015-11-25,3.62
2015-12-02,3.66
2015-12-09,3.75
2015-12-16,3.75
2015-12-23,3.75
2015-12-30,3.67
2016-01-06,3.61
2016-01-13,3.54
2016-01-20,3.58
2016-01-27,3.69
2016-02-03,3.69
2016-02-10,3.70
2016-02-17,3.61
2016-02-24,3.65
2016-03-02,3.57
2016-03-09,3.57
2016-03-16,3.61
2016-03-23,3.68
2016-03-30,3.70
2016-04-06,3.63
2016-04-13,3.58
2016-04-20,3.69
2016-04-27,3.83
2016-05-04,3.84
2016-05-11,3.80
2016-05-18,3.82
2016-05-25,3.95
2016-06-01,4.04
2016-06-08,4.13
2016-06-15,4.27
2016-06-22,4.32
2016-06-29,3.96
2016-07-06,3.75
2016-07-13,3.50
2016-07-20,3.54
2016-07-27,3.42
2016-08-03,3.34
2016-08-10,3.24
2016-08-17,3.23
2016-08-24,3.30
2016-08-31,3.26
2016-09-07,3.21
2016-09-14,3.35
2016-09-21,3.34
2016-09-28,3.38
2016-10-05,3.31
2016-10-12,3.44
2016-10-19,3.46
2016-10-26,3.54
2016-11-02,3.53
2016-11-09,3.49
2016-11-16,3.45
2016-11-23,3.41
2016-11-30,3.53
2016-12-07,3.49
2016-12-14,3.58
2016-12-21,3.59
2016-12-28,3.50
2017-01-04,3.59
2017-01-11,3.58
2017-01-18,3.67
2017-01-25,3.65
2017-02-01,3.64
2017-02-08,3.69
2017-02-15,3.74
2017-02-22,3.69
2017-03-01,3.77
2017-03-08,3.72
2017-03-15,3.59
2017-03-22,3.59
2017-03-29,3.58
2017-04-05,3.62
2017-04-12,3.69
2017-04-19,3.61
2017-04-26,3.64
2017-05-03,3.72
2017-05-10,3.69
2017-05-17,3.69
2017-05-24,3.72
2017-05-31,3.71
2017-06-07,3.82
2017-06-14,3.80
2017-06-21,3.66
2017-06-28,3.65
2017-07-05,3.91
2017-07-12,3.87
2017-07-19,3.81
2017-07-26,3.74
2017-08-02,3.65
2017-08-09,3.66
2017-08-16,3.54
2017-08-23,3.44
2017-08-30,3.46
2017-09-06,3.58
2017-09-13,3.54
2017-09-20,3.50
2017-09-27,3.53
2017-10-04,3.50
2017-10-11,3.49
2017-10-18,3.48
2017-10-25,3.51
2017-11-01,3.48
2017-11-08,3.46
2017-11-15,3.39
2017-11-22,3.44
2017-11-29,3.49
2017-12-06,3.52
2017-12-13,3.48
2017-12-20,3.49
2017-12-27,3.52
2018-01-03,3.5200
2018-01-10,3.48
2018-01-17,3.50
2018-01-24,3.54
2018-01-31,3.60
2018-02-07,3.63
2018-02-14,3.67
2018-02-21,3.66
2018-02-28,3.82
2018-03-07,3.89
2018-03-14,3.88
2018-03-21,3.76
2018-03-28,3.78
2018-04-04,3.87
2018-04-11,3.88
2018-04-18,3.81
2018-04-25,3.88
2018-05-02,4.06
2018-05-09,4.01
2018-05-16,3.99
2018-05-23,4.05
2018-05-30,3.97
2018-06-06,3.79
2018-06-13,3.69
2018-06-20,3.56
2018-06-27,3.54
2018-07-04,3.53
2018-07-11,3.46
2018-07-18,3.48
2018-07-25,3.58
2018-08-01,3.68
2018-08-08,3.68
2018-08-15,3.62
2018-08-22,3.53
2018-08-29,3.50
2018-09-05,3.67
2018-09-12,3.58
2018-09-19,3.50
2018-09-26,3.61
2018-10-03,3.66
2018-10-10,3.67
2018-10-17,3.73
2018-10-24,3.67
2018-10-31,3.67
2018-11-07,3.72
2018-11-14,3.68
2018-11-21,3.61
2018-11-28,3.67
2018-12-05,3.84
2018-12-12,3.85
2018-12-19,3.81
2018-12-26,3.75
2019-01-02,3.79
2019-01-09,3.80
2019-01-16,3.77
2019-01-23,3.79
2019-01-30,3.79
2019-02-06,3.78
2019-02-13,3.76
2019-02-20,3.73
2019-02-27,3.71
2019-03-06,3.70
2019-03-13,3.68
2019-03-20,3.74
2019-03-27,3.72
2019-04-03,3.63
2019-04-10,3.60
2019-04-17,3.60
2019-04-24,3.50
2019-05-01,3.65
2019-05-08,3.60
2019-05-15,3.71
2019-05-22,3.94
2019-05-29,4.21
2019-06-05,4.20
2019-06-12,4.34
2019-06-19,4.48
2019-06-26,4.42
2019-07-03,4.28
2019-07-10,4.42
2019-07-17,4.34
2019-07-24,4.21
2019-07-31,4.04
2019-08-07,4.07
2019-08-14,3.68
2019-08-21,3.62
2019-08-28,3.63
2019-09-04,3.59
2019-09-11,3.62
2019-09-18,3.71
2019-09-25,3.73
2019-10-02,3.89
2019-10-09,3.91
2019-10-16,3.94
2019-10-23,3.88
2019-10-30,3.88
2019-11-06,3.79
2019-11-13,3.75
2019-11-20,3.68
2019-11-27,3.73
2019-12-04,3.79
2019-12-11,3.77
2019-12-18,3.88
2019-12-25,3.89